id,first_name,last_name,version,insuranceCompany
0d7ebec0-5e0a-4610-a08c-3dd0e3e22295,Blondy,Howard - Gater,5,Ziemann-Hudson
5cd6fc95-45d2-44d4-b75e-98c0c2e6b26c,Ryley,Grafhom,3,Grimes Inc
6de7f587-b200-45a9-acf9-13d13a8c9e11,Kathe,Salterne,4,GreatInsuranceInc
10b5265e-6702-46e9-bd9f-09f86cbcc381,Faith,Tucknott,3,Grimes Inc
f465a5eb-e9b2-4a7b-ac58-ab79a0b2a696,Skell,Mountlow,5,Parker Inc
6c21d93e-16af-4d8f-bba6-862363c83327,Lucien,Deeble,5,Grimes Inc
cd5784f2-ce05-4109-a5ec-6a95c0562961,Janis,Aldhous,1,Grimes Inc
733141f4-922d-429d-bea3-fc107b05997b,Bartie,Le Frank,3,Grimes Inc
5e47ff5c-303c-49f4-98d8-f37918e9a9da,Isaak,Fairlam,1,Ziemann-Hudson
ec42ed70-2a16-4bf2-95c6-eefa06aa0e84,Michaella,Eve,2,Parker Inc
84414dc7-5589-4c2e-91ed-96702309e7ab,Lewes,Lewsam,3,Grimes Inc
e065ae2a-c0e9-44de-b347-0b35850e53ff,Ailis,Tofpik,2,GreatInsuranceInc
3874f1e0-1b7c-484d-a64f-0b517dd09a7f,Mattheus,Wolvey,5,Ziemann-Hudson
b3f7f101-d8d8-452b-994e-da23b57d6288,Bren,Tilsley,2,Parker Inc
cb8da9e0-3112-4252-a174-ad5dbfa5fc8b,Aila,Engeham,5,Parker Inc
29d70529-4313-4328-9443-9780c0d6a941,Neill,Bushell,3,Grimes Inc
02345743-d120-4f60-a932-bcb042cca8be,Ryun,Bodicum,2,Parker Inc
5cd6fc95-45d2-44d4-b75e-98c0c2e6b26c,Ryley,Grafhom,2,Grimes Inc
8f96263b-d492-49bf-94ac-ed14664ba915,Weider,Boosey,1,Parker Inc
50075854-e7ac-418c-85df-896bfec1dfd6,Kenn,Zima,4,GreatInsuranceInc
fbf192aa-926c-4d39-bada-c6caecbbebe8,Kylie,Dallicoat,3,GreatInsuranceInc
f086a1f8-c128-442d-a6b8-04f4d15e6b11,Daffy,Tomini,3,Ziemann-Hudson
3b206450-7f08-4b62-bd41-4d37d75fef58,Obediah,Raffles,2,Ziemann-Hudson
f50e7d1e-3923-48e1-9c0b-013e564c1b2e,Sallyann,Freda,5,Grimes Inc
2f343112-a3e0-4688-a7b2-ed2bbea07a2b,Wendie,Sibbs,4,Parker Inc
364c958b-071e-401f-9561-f78c38f29575,Tom,Justham,3,GreatInsuranceInc
6b275761-3c77-49f0-9f91-b5d3f028bde3,Quinton,McKeand,2,GreatInsuranceInc
ad2281cc-382b-4b2b-a266-4bd0e9cd7bfd,Natalee,McLucky,3,Parker Inc
2a1a6999-146a-4e74-9770-29395c2d911b,Sisile,Heims,5,Grimes Inc
0b8bec50-f190-41fc-9575-ef22e9e353ea,Josselyn,Board,4,GreatInsuranceInc
1de72391-d84d-4edf-b638-30548b45b669,Jami,Metham,2,Parker Inc
03811d2f-1d3b-4540-9ebf-486097d1ec5b,Jone,Trillo,1,Grimes Inc
5e47ff5c-303c-49f4-98d8-f37918e9a9da,Isaak,Fairlam,3,Ziemann-Hudson
669e914b-95ee-4665-a2d8-fca7e4c3462d,Rooney,Dooher,2,Parker Inc
9c5eee2f-8743-451d-a6a8-7020afb3188e,Fannie,O'Dennehy,5,Grimes Inc
89a1cc47-098f-4f8f-9cda-a23d4ad0ecb6,Templeton,Auletta,1,Ziemann-Hudson
fa210316-bf28-4f2a-8f21-44f77f80454f,Orsola,Donet,5,Ziemann-Hudson
aa0134e9-128e-40f7-a204-3306ca6051ad,Arleen,Haimes,5,GreatInsuranceInc
b766430b-a4de-4039-9b19-8e7b06e18cd3,Carolin,Billett,4,Grimes Inc
bddf1faa-43dc-40bd-b9cd-880c4a976b2f,Alexis,Ensor,5,Ziemann-Hudson
a17b08ff-3587-4a65-a572-0ac2da02576b,Amil,Lautie,5,Parker Inc
6b275761-3c77-49f0-9f91-b5d3f028bde3,Quinton,McKeand,4,GreatInsuranceInc
88b0e019-e69d-4206-b3bd-6be7905d701b,Hadria,Nisbith,3,Parker Inc
17f06669-b482-4330-bb8f-89cbe293fc69,Debi,Meeron,3,Ziemann-Hudson
08f2a4ab-49a7-41c2-b39b-8866e589c9b9,Inga,Pardal,2,Grimes Inc
7eeeade2-e9b0-4cc2-bfc8-12d2f109024a,Ailbert,Ovendon,2,Ziemann-Hudson
2edd0a08-d54a-4d86-a7d6-7225b9756ad1,Aldis,Kopecka,3,Parker Inc
86521451-8f5f-496f-8cbe-aa025e5d893e,Eloise,Loyns,2,Ziemann-Hudson
a6422cbb-f711-4847-81d9-43d1826203c7,Sherye,Wallbanks,4,Grimes Inc
94f38b2b-fc24-4e98-8ebc-c24c184de67b,Shannah,Shields,3,Ziemann-Hudson
